"","total.raw_alpha","total.std.alpha","total.G6.smc.","total.average_r","total.S.N"
"1",0.922561709813365,0.931060436495371,0.999999999987409,0.369957240951207,13.5054588274679
